{
  "kb_id": "ifs_docs",
  "n_items": 55,
  "retrieval_metrics": {
    "recall@1": 0.9454545454545454,
    "hit@1": 0.9454545454545454,
    "ndcg@1": 0.9454545454545454,
    "recall@5": 0.9927272727272728,
    "hit@5": 1.0,
    "ndcg@5": 0.9780271677155811,
    "recall@10": 0.9927272727272728,
    "hit@10": 1.0,
    "ndcg@10": 0.9780271677155811,
    "mrr": 0.9727272727272728
  },
  "generation_metrics": {},
  "per_tag_retrieval": {
    "from_session": {
      "recall@1": 0.9454545454545454,
      "hit@1": 0.9454545454545454,
      "ndcg@1": 0.9454545454545454,
      "recall@5": 0.9927272727272728,
      "hit@5": 1.0,
      "ndcg@5": 0.9780271677155811,
      "recall@10": 0.9927272727272728,
      "hit@10": 1.0,
      "ndcg@10": 0.9780271677155811,
      "mrr": 0.9727272727272728
    }
  },
  "per_tag_generation": {},
  "failures": [],
  "run_metadata": {
    "timestamp_utc": "2026-05-18T20:17:23+00:00",
    "git_sha": "fcac185",
    "kb_id": "ifs_docs",
    "top_k": 10,
    "with_generation": false,
    "n_items": 55
  }
}